algorithm,input_type,n,min_time,avg_time,min_comparisons,avg_comparisons,num_trials
BubbleSort,decreasing,1000,372,418.8,499500,499500.0,5
BubbleSort,decreasing,5000,8778,8938.4,12497500,12497500.0,5
BubbleSort,decreasing,10000,34489,36036.4,49995000,49995000.0,5
BubbleSort,increasing,1000,0,0.2,999,999.0,5
BubbleSort,increasing,5000,2,2.0,4999,4999.0,5
BubbleSort,increasing,10000,5,5.2,9999,9999.0,5
BubbleSort,random,1000,496,550.2,498465,499045.6,5
BubbleSort,random,5000,11049,11185.4,12488589,12492127.6,5
BubbleSort,random,10000,45763,50108.8,49976279,49982608.2,5
HeapSort,decreasing,1000,30,34.6,15965,15965.0,5
HeapSort,decreasing,5000,217,221.6,103227,103227.0,5
HeapSort,decreasing,10000,462,507.4,226682,226682.0,5
HeapSort,decreasing,50000,2943,3040.2,1366047,1366047.0,5
HeapSort,decreasing,100000,6542,6666.0,2926640,2926640.0,5
HeapSort,increasing,1000,38,41.2,17583,17583.0,5
HeapSort,increasing,5000,227,242.4,112126,112126.0,5
HeapSort,increasing,10000,547,560.4,244460,244460.0,5
HeapSort,increasing,50000,3261,3284.6,1455438,1455438.0,5
HeapSort,increasing,100000,6997,7116.4,3112517,3112517.0,5
HeapSort,random,1000,41,44.2,16843,16861.6,5
HeapSort,random,5000,265,270.2,107646,107709.0,5
HeapSort,random,10000,584,600.8,235238,235352.6,5
HeapSort,random,50000,3716,3782.6,1409736,1409902.8,5
HeapSort,random,100000,7914,8227.0,3019099,3019610.0,5
InsertionSort,decreasing,1000,220,229.6,499500,499500.0,5
InsertionSort,decreasing,5000,5061,5143.4,12497500,12497500.0,5
InsertionSort,decreasing,10000,20331,20639.0,49995000,49995000.0,5
InsertionSort,decreasing,50000,498576,502227.8,1249975000,1249975000.0,5
InsertionSort,decreasing,100000,1990715,2002880.6,4999950000,4999950000.0,5
InsertionSort,increasing,1000,0,0.8,999,999.0,5
InsertionSort,increasing,5000,4,4.2,4999,4999.0,5
InsertionSort,increasing,10000,8,8.2,9999,9999.0,5
InsertionSort,increasing,50000,43,46.4,49999,49999.0,5
InsertionSort,increasing,100000,87,100.2,99999,99999.0,5
InsertionSort,random,1000,106,126.6,240674,249704.2,5
InsertionSort,random,5000,2649,2764.0,6159959,6273860.6,5
InsertionSort,random,10000,10505,10688.4,24900906,25042923.6,5
InsertionSort,random,50000,249689,254213.0,621017606,622676031.2,5
InsertionSort,random,100000,994831,1010039.2,2492294310,2496526835.8,5
MergeSort,decreasing,1000,12,14.0,4932,4932.0,5
MergeSort,decreasing,5000,66,87.4,29804,29804.0,5
MergeSort,decreasing,10000,166,195.0,64608,64608.0,5
MergeSort,decreasing,50000,909,993.6,382512,382512.0,5
MergeSort,decreasing,100000,1849,1944.8,815024,815024.0,5
MergeSort,increasing,1000,13,14.4,5044,5044.0,5
MergeSort,increasing,5000,72,83.4,32004,32004.0,5
MergeSort,increasing,10000,145,150.0,69008,69008.0,5
MergeSort,increasing,50000,904,924.0,401952,401952.0,5
MergeSort,increasing,100000,1824,1864.6,853904,853904.0,5
MergeSort,random,1000,51,57.8,8684,8693.8,5
MergeSort,random,5000,280,295.0,55185,55228.2,5
MergeSort,random,10000,665,724.4,120356,120469.0,5
MergeSort,random,50000,3425,3483.0,717930,718190.4,5
MergeSort,random,100000,7050,7191.0,1535918,1536266.0,5
QuickSort_First,decreasing,1000,267,296.2,499500,499500.0,5
QuickSort_First,decreasing,5000,6563,6662.6,12497500,12497500.0,5
QuickSort_First,decreasing,10000,24994,25357.8,49995000,49995000.0,5
QuickSort_First,decreasing,50000,619814,628722.4,1249975000,1249975000.0,5
QuickSort_First,decreasing,100000,2479571,2485681.8,4999950000,4999950000.0,5
QuickSort_First,increasing,1000,179,192.4,499500,499500.0,5
QuickSort_First,increasing,5000,4223,4313.2,12497500,12497500.0,5
QuickSort_First,increasing,10000,16773,17051.0,49995000,49995000.0,5
QuickSort_First,increasing,50000,404555,410704.0,1249975000,1249975000.0,5
QuickSort_First,increasing,100000,1627965,1660467.6,4999950000,4999950000.0,5
QuickSort_First,random,1000,37,39.4,10290,10573.8,5
QuickSort_First,random,5000,222,235.2,67898,71045.8,5
QuickSort_First,random,10000,533,543.6,145951,152871.4,5
QuickSort_First,random,50000,2676,2694.0,907563,935901.6,5
QuickSort_First,random,100000,5506,5558.4,1929958,2031871.6,5
QuickSort_Median3,decreasing,1000,13,13.6,15995,15995.0,5
QuickSort_Median3,decreasing,5000,91,104.0,108443,108443.0,5
QuickSort_Median3,decreasing,10000,200,218.0,242135,242135.0,5
QuickSort_Median3,decreasing,50000,1239,1289.6,1504807,1504807.0,5
QuickSort_Median3,decreasing,100000,2661,2712.0,3259375,3259375.0,5
QuickSort_Median3,increasing,1000,7,8.0,9520,9520.0,5
QuickSort_Median3,increasing,5000,40,41.0,60678,60678.0,5
QuickSort_Median3,increasing,10000,127,147.6,131343,131343.0,5
QuickSort_Median3,increasing,50000,572,602.8,782782,782782.0,5
QuickSort_Median3,increasing,100000,1142,1163.4,1665551,1665551.0,5
QuickSort_Median3,random,1000,36,40.0,10703,11271.2,5
QuickSort_Median3,random,5000,216,225.8,67814,68741.2,5
QuickSort_Median3,random,10000,453,492.4,146539,149832.2,5
QuickSort_Median3,random,50000,2658,2686.4,872935,883456.8,5
QuickSort_Median3,random,100000,5466,5599.2,1873312,1895030.4,5
QuickSort_Random,decreasing,1000,21,26.6,12383,12383.0,5
QuickSort_Random,decreasing,5000,131,156.2,74102,74102.0,5
QuickSort_Random,decreasing,10000,264,278.0,154524,154524.0,5
QuickSort_Random,decreasing,50000,1502,1559.2,929262,929262.0,5
QuickSort_Random,decreasing,100000,2963,3025.0,2095694,2095694.0,5
QuickSort_Random,increasing,1000,19,22.2,11993,11993.0,5
QuickSort_Random,increasing,5000,95,109.8,71348,71348.0,5
QuickSort_Random,increasing,10000,234,260.4,154356,154356.0,5
QuickSort_Random,increasing,50000,1289,1346.4,933315,933315.0,5
QuickSort_Random,increasing,100000,2638,2721.4,2047278,2047278.0,5
QuickSort_Random,random,1000,43,46.6,10757,11562.8,5
QuickSort_Random,random,5000,259,276.2,69830,72827.4,5
QuickSort_Random,random,10000,569,613.4,150725,156651.0,5
QuickSort_Random,random,50000,2899,2944.0,888882,948676.4,5
QuickSort_Random,random,100000,6117,6193.2,1959481,1972580.8,5
RadixSort,decreasing,1000,13,13.4,0,0.0,5
RadixSort,decreasing,5000,81,91.6,0,0.0,5
RadixSort,decreasing,10000,148,150.8,0,0.0,5
RadixSort,decreasing,50000,938,967.8,0,0.0,5
RadixSort,decreasing,100000,2043,2098.0,0,0.0,5
RadixSort,increasing,1000,13,15.8,0,0.0,5
RadixSort,increasing,5000,72,76.0,0,0.0,5
RadixSort,increasing,10000,156,163.6,0,0.0,5
RadixSort,increasing,50000,1034,1048.0,0,0.0,5
RadixSort,increasing,100000,1966,2039.2,0,0.0,5
RadixSort,random,1000,15,18.2,0,0.0,5
RadixSort,random,5000,100,112.6,0,0.0,5
RadixSort,random,10000,199,211.2,0,0.0,5
RadixSort,random,50000,1297,1330.8,0,0.0,5
RadixSort,random,100000,2461,2604.4,0,0.0,5
